Residue_Number,WT Baseline (2wur),Generated 1,Generated 2,Generated 3
1,0.39,0.27,0.36,0.3
2,0.47,0.35,0.45,0.36
3,0.49,0.32,0.46,0.34
4,0.52,0.33,0.47,0.33
5,0.55,0.35,0.51,0.35
6,0.59,0.38,0.53,0.35
7,0.57,0.38,0.51,0.34
8,0.59,0.46,0.55,0.42
9,0.62,0.51,0.59,0.44
10,0.68,0.56,0.66,0.47
11,0.76,0.66,0.74,0.57
12,0.79,0.67,0.77,0.59
13,0.83,0.73,0.81,0.59
14,0.81,0.72,0.8,0.65
15,0.86,0.77,0.84,0.66
16,0.83,0.74,0.82,0.67
17,0.86,0.79,0.85,0.69
18,0.84,0.76,0.83,0.68
19,0.86,0.79,0.86,0.65
20,0.82,0.76,0.82,0.68
21,0.81,0.77,0.82,0.67
22,0.77,0.71,0.77,0.64
23,0.72,0.67,0.72,0.57
24,0.76,0.72,0.77,0.62
25,0.77,0.72,0.77,0.66
26,0.82,0.78,0.81,0.68
27,0.79,0.74,0.79,0.67
28,0.83,0.77,0.82,0.67
29,0.79,0.73,0.79,0.66
30,0.8,0.73,0.79,0.64
31,0.79,0.7,0.78,0.63
32,0.79,0.71,0.78,0.62
33,0.8,0.71,0.79,0.64
34,0.76,0.66,0.74,0.61
35,0.72,0.61,0.69,0.56
36,0.66,0.57,0.64,0.53
37,0.61,0.52,0.6,0.46
38,0.6,0.52,0.58,0.48
39,0.54,0.46,0.52,0.42
40,0.54,0.47,0.54,0.43
41,0.58,0.5,0.57,0.48
42,0.64,0.55,0.64,0.52
43,0.65,0.56,0.64,0.53
44,0.68,0.59,0.67,0.5
45,0.67,0.56,0.65,0.49
46,0.69,0.59,0.68,0.47
47,0.71,0.62,0.68,0.49
48,0.71,0.64,0.69,0.45
49,0.73,0.68,0.71,0.53
50,0.81,0.77,0.78,0.55
51,0.73,0.67,0.7,0.52
52,0.7,0.63,0.67,0.54
53,0.66,0.55,0.63,0.49
54,0.63,0.53,0.61,0.51
55,0.61,0.53,0.6,0.52
56,0.54,0.46,0.53,0.47
57,0.51,0.42,0.51,0.41
58,0.48,0.4,0.48,0.4
59,0.57,0.47,0.55,0.49
60,0.64,0.47,0.61,0.52
61,0.58,0.42,0.55,0.47
62,0.58,0.42,0.55,0.47
63,0.64,0.43,0.6,0.5
64,0.67,0.42,0.61,0.52
65,0.62,0.4,0.56,0.46
66,0.62,0.39,0.56,0.43
67,0.56,0.35,0.47,0.39
68,0.63,0.35,0.55,0.41
69,0.56,0.36,0.49,0.39
70,0.53,0.35,0.45,0.36
71,0.54,0.36,0.45,0.39
72,0.49,0.34,0.41,0.36
73,0.39,0.31,0.37,0.32
74,0.38,0.34,0.38,0.34
75,0.34,0.32,0.35,0.3
76,0.38,0.34,0.38,0.34
77,0.3,0.29,0.31,0.29
78,0.32,0.3,0.3,0.28
79,0.36,0.33,0.34,0.33
80,0.39,0.36,0.33,0.35
81,0.4,0.34,0.36,0.34
82,0.41,0.35,0.32,0.35
83,0.42,0.36,0.31,0.32
84,0.48,0.39,0.37,0.35
85,0.45,0.36,0.35,0.33
86,0.42,0.34,0.33,0.3
87,0.46,0.34,0.38,0.29
88,0.54,0.42,0.49,0.33
89,0.54,0.42,0.51,0.33
90,0.6,0.47,0.56,0.35
91,0.69,0.55,0.65,0.35
92,0.66,0.56,0.64,0.4
93,0.67,0.59,0.65,0.35
94,0.67,0.59,0.64,0.4
95,0.6,0.56,0.59,0.33
96,0.63,0.56,0.6,0.42
97,0.59,0.55,0.57,0.35
98,0.58,0.53,0.56,0.4
99,0.5,0.47,0.5,0.35
100,0.53,0.48,0.51,0.38
101,0.46,0.42,0.44,0.3
102,0.49,0.45,0.47,0.33
103,0.51,0.47,0.49,0.36
104,0.59,0.54,0.57,0.41
105,0.65,0.6,0.64,0.47
106,0.68,0.63,0.68,0.52
107,0.72,0.66,0.71,0.48
108,0.75,0.66,0.73,0.52
109,0.76,0.68,0.75,0.45
110,0.77,0.67,0.75,0.53
111,0.8,0.7,0.78,0.55
112,0.78,0.67,0.76,0.56
113,0.78,0.67,0.76,0.56
114,0.77,0.66,0.75,0.56
115,0.82,0.75,0.81,0.63
116,0.8,0.72,0.8,0.6
117,0.79,0.7,0.78,0.56
118,0.83,0.75,0.82,0.61
119,0.81,0.7,0.79,0.6
120,0.84,0.75,0.83,0.62
121,0.82,0.72,0.81,0.63
122,0.85,0.76,0.84,0.61
123,0.83,0.74,0.82,0.62
124,0.84,0.77,0.83,0.59
125,0.8,0.73,0.8,0.57
126,0.79,0.72,0.78,0.52
127,0.74,0.67,0.73,0.49
128,0.67,0.61,0.64,0.39
129,0.6,0.54,0.57,0.39
130,0.6,0.55,0.57,0.42
131,0.55,0.5,0.52,0.38
132,0.47,0.44,0.45,0.38
133,0.38,0.37,0.37,0.35
134,0.37,0.35,0.35,0.3
135,0.36,0.34,0.35,0.32
136,0.38,0.36,0.35,0.32
137,0.34,0.32,0.33,0.32
138,0.32,0.31,0.3,0.3
139,0.3,0.31,0.27,0.33
140,0.29,0.31,0.26,0.29
141,0.29,0.32,0.25,0.29
142,0.29,0.3,0.26,0.26
143,0.32,0.34,0.3,0.26
144,0.27,0.28,0.26,0.25
145,0.3,0.3,0.29,0.27
146,0.25,0.26,0.25,0.26
147,0.24,0.27,0.24,0.24
148,0.22,0.3,0.26,0.27
149,0.21,0.28,0.23,0.26
150,0.25,0.32,0.27,0.3
151,0.22,0.3,0.24,0.29
152,0.24,0.32,0.25,0.32
153,0.21,0.28,0.21,0.26
154,0.23,0.3,0.23,0.29
155,0.25,0.29,0.25,0.3
156,0.23,0.31,0.24,0.3
157,0.27,0.32,0.28,0.27
158,0.26,0.29,0.28,0.26
159,0.28,0.29,0.29,0.25
160,0.25,0.27,0.26,0.24
161,0.26,0.3,0.27,0.27
162,0.28,0.32,0.28,0.29
163,0.29,0.33,0.28,0.31
164,0.28,0.31,0.29,0.28
165,0.32,0.34,0.32,0.32
166,0.29,0.3,0.3,0.27
167,0.3,0.3,0.31,0.28
168,0.28,0.29,0.3,0.26
169,0.3,0.29,0.31,0.27
170,0.27,0.29,0.28,0.25
171,0.28,0.27,0.29,0.25
172,0.28,0.29,0.32,0.29
173,0.28,0.25,0.29,0.25
174,0.32,0.26,0.33,0.25
175,0.3,0.25,0.31,0.24
176,0.32,0.28,0.33,0.26
177,0.3,0.28,0.32,0.26
178,0.3,0.27,0.31,0.25
179,0.29,0.3,0.28,0.27
180,0.27,0.28,0.29,0.25
181,0.28,0.29,0.29,0.27
182,0.31,0.32,0.32,0.25
183,0.28,0.29,0.29,0.28
184,0.28,0.33,0.3,0.25
185,0.28,0.29,0.29,0.26
186,0.27,0.32,0.29,0.28
187,0.25,0.28,0.26,0.27
188,0.25,0.28,0.27,0.29
189,0.25,0.26,0.26,0.26
190,0.26,0.26,0.26,0.27
191,0.26,0.25,0.27,0.29
192,0.25,0.25,0.25,0.3
193,0.26,0.25,0.27,0.29
194,0.26,0.26,0.27,0.29
195,0.28,0.27,0.3,0.3
196,0.28,0.25,0.29,0.28
197,0.27,0.24,0.28,0.31
198,0.27,0.24,0.28,0.29
199,0.3,0.26,0.31,0.33
200,0.29,0.27,0.28,0.31
201,0.3,0.3,0.31,0.32
202,0.26,0.25,0.27,0.27
203,0.29,0.3,0.31,0.29
204,0.26,0.25,0.27,0.26
205,0.27,0.27,0.3,0.26
206,0.27,0.26,0.26,0.26
207,0.28,0.26,0.29,0.27
208,0.29,0.29,0.3,0.28
209,0.34,0.31,0.34,0.32
210,0.37,0.35,0.36,0.36
211,0.37,0.32,0.32,0.35
212,0.41,0.36,0.38,0.39
213,0.36,0.3,0.35,0.36
214,0.36,0.29,0.34,0.34
215,0.28,0.27,0.32,0.27
216,0.28,0.26,0.31,0.29
217,0.28,0.25,0.29,0.26
218,0.24,0.22,0.25,0.25
219,0.28,0.22,0.31,0.28
220,0.26,0.24,0.29,0.28
221,0.3,0.24,0.34,0.31
222,0.28,0.23,0.32,0.3
223,0.31,0.25,0.37,0.33
224,0.26,0.25,0.31,0.28
225,0.26,0.24,0.32,0.28
226,0.25,0.22,0.29,0.25
227,0.25,0.25,0.29,0.26
228,0.25,0.22,0.27,0.26
229,0.23,0.22,0.24,0.23
230,0.23,0.22,0.25,0.24
231,0.23,0.23,0.25,0.25
232,0.23,0.21,0.23,0.26
233,0.21,0.19,0.2,0.22
234,0.22,0.22,0.23,0.24
235,0.22,0.21,0.23,0.24
236,0.21,0.19,0.19,0.24
237,0.24,0.23,0.21,0.29
238,0.2,0.21,0.22,0.23
